,question,answer_num,answer
0,"What is the Net interest income earned by the financial institution for the three months ended July 31, 2024?","4,862",$4862 millions
1,"What is the Net interest income reported for the three-month period ended April 30, 2024?","4,694",$4694 millions
2,"What is the Net interest income recognized by the company for the Three Months Ended July 31, 2023?","4,573",$4573 millions
3,"What is the net interest income generated by the bank as of July 31, 2024, for the nine months ended period?","14,329",$14329 millions
4,"What is the net interest income for the three-month period ending July 31, 2023?","13,596",$13596 millions
5,"What is the total Non-interest income earned by the bank during the three months ended July 31, 2024?","3,502",$3502 millions
6,"What is the total amount of Non-interest income reported as revenue for the Three Months Ended April 30, 2024?","3,653",$3653 millions
7,"What is the Non-interest income reported by the bank on July 31, 2023, indicating the total amount of income earned from non-interest bearing sources over the three-month period ended on that date?","3,494",$3494 millions
8,"What is the amount of Non-interest income reported by the company for the nine months ended July 31, 2024?","10,815",$10815 millions
9,"What is the Non-interest income reported by the bank for the Three Months Ended July 31, 2023?","10,346",$10346 millions
10,"What is the total revenue as of July 31, 2024 for the three months ended?","8,364",$8364 millions
11,"What is the total revenue reported for the three months ended April 30, 2024?","8,347",$8347 millions
12,"What is the Total revenue generated during the Three Months Ended July 31, 2023?","8,067",$8067 millions
13,"What is the Total revenue of the company as of July 31, 2024, for the Nine Months Ended?","25,144",$25144 millions
14,"What is the total revenue for the Three Months Ended July 31, 2023?","23,942",$23942 millions
15,"What is the total amount of provision for credit losses recognized by the company as of July 31, 2024, for the three months ended on that date?","1,052",$1052 millions
16,"What is the provision for credit losses reported by the company as of April 30, 2024, for the three months ended?","1,007",$1007 millions
17,"What is the amount of provision for credit losses recorded on the company's financial statements for the three months ended July 31, 2023?",819,$819 millions
18,"What is the value of Provision for credit losses as of the end of July 31, 2024 for the Nine Months Ended period?","3,021",$3021 millions
19,"What is the amount of Provision for credit losses recorded in the company's financial statements as of July 31, 2023, for the three-month period ended on that date?","2,166",$2166 millions
20,"What is the total amount of non-interest expenses reported by the company for the three months ended July 31, 2024?","4,949",$4949 millions
21,"What is the total amount of liabilities appearing on the balance sheet for ""Non-interest expenses"" as of the fiscal period ending ""April 30, 2024"" for the three months reported?","4,711",$4711 millions
22,"What is the breakdown of Non-interest expenses for the Three Months Ended July 31, 2023?","4,559",$4559 millions
23,"What is the total amount of Non-interest expenses reported by the company as of July 31, 2024, for the nine-month period ended on that date?","14,399",$14399 millions
24,"What is the total amount of non-interest expenses reported in the company's financial statement for the three months ended July 31, 2023?","13,594",$13594 millions
25,"Here's the question:

What is the amount of income tax expense recognized by the company as of July 31, 2024, which represents the expense for the three months ended July 31, 2024?",451,$451 millions
26,"Here is the generated question:

What is the amount of income tax expense recognized by the company as of April 30, 2024, for the three-month period ended on that date?",537,$537 millions
27,"What is the amount of Income tax expense reported on the financial statements as of July 31, 2023, for the three-month period ended?",497,$497 millions
28,"What is the total Income tax expense recorded on the company's financial statements for the nine months ended July 31, 2024?","1,521",$1521 millions
29,"What is the amount of Income tax expense recognized on the income statement for the three months ended July 31, 2023?","2,086",$2086 millions
30,"What is the total amount of net income reported by the company for the three-month period ended July 31, 2024?","1,912",$1912 millions
31,"What is the total ""Net income"" reported for the Three Months Ended April 30, 2024?","2,092",$2092 millions
32,"What is the net income reported for the three months ended July 31, 2023?","2,192",$2192 millions
33,"What is the net income of the company for the nine months ended July 31, 2024?","6,203",$6203 millions
34,"What is the net income reported by the company as of July 31, 2023, for the three months ended?","6,096",$6096 millions
35,"What is the net income attributable to non-controlling interests in subsidiaries for the three months ended July 31, 2024?",36,$36 millions
36,"What is the net income attributable to non-controlling interests in subsidiaries for the Three Months Ended April 30, 2024?",26,$26 millions
37,"What is the net income attributable to non-controlling interests in subsidiaries for the three months ended July 31, 2023?",20,$20 millions
38,"What is the net income attributable to non-controlling interests in subsidiaries as of the July 31, 2024 Nine Months Ended report?",87,$87 millions
39,"What is the amount of net income attributable to non-controlling interests in subsidiaries reported by the company as of July 31, 2023, for the Three Months Ended period?",81,$81 millions
40,"What is the net income attributable to equity holders of the Bank as of July 31, 2024, for the three-month period ended on that date?","1,876",$1876 millions
41,"What is the net income attributable to equity holders of the Bank as of April 30, 2024, for the three months ended that date?","2,066",$2066 millions
42,"What is the net income attributable to equity holders of the Bank for the Three Months Ended July 31, 2023?","2,172",$2172 millions
43,"What is the net income attributable to equity holders of the Bank as of July 31, 2024, for the nine months ended on this date?","6,116",$6116 millions
44,"What is the net income attributable to equity holders of the Bank for the Three Months Ended July 31, 2023?","6,015",$6015 millions
45,"What is the number of Preferred shareholders and other equity instrument holders as of the Three Months Ended July 31, 2024?",120,$120 millions
46,"What is the reportable diluted earnings per share from Preferred shareholders and other equity instrument holders for the Three Months Ended April 30, 2024, compared to the same period last year?",123,$123 millions
47,"What is the total outstanding balance of Preferred shareholders and other equity instrument holders as of July 31, 2023, at the end of the Three Months Ended reporting period?",105,$105 millions
48,"What is the total return paid to Preferred shareholders and other equity instrument holders for the Nine Months Ended July 31, 2024?",351,$351 millions
49,"What is the total dividend declared by ""Preferred shareholders and other equity instrument holders"" as of July 31 2023, for the Three Months Ended period?",310,$310 millions
50,"What is the total number of Common shareholders as of July 31, 2024, and what is the percentage of their equity participation in the company for the Three Months Ended July 31, 2024?","1,756",$1756 millions
51,"What is the total dividend declared by Common shareholders as of the Three Months Ended April 30, 2024?","1,943",$1943 millions
52,"What is the total equity held by the common shareholders as of July 31, 2023, at the end of the three-month period?","2,067",$2067 millions
53,"What is the total number of shares held by Common shareholders as of July 31, 2024, based on the financial report for the nine-month period ended on that date?","5,765",$5765 millions
54,"What is the total return on investment for Common shareholders as of July 31, 2023, for the Three Months Ended date?","5,705",$5705 millions
55,"What is the earnings per common share in dollars for the three months ended July 31, 2024?",,$ millions
56,"What is the Earnings per common share in dollars for the Three Months Ended April 30, 2024, reported by the company?",,$ millions
57,"What is the Earnings per common share (in dollars) reported by the company for the Three Months Ended July 31, 2023?",,$ millions
58,"What is the earnings per common share (in dollars) for the nine months ended July 31, 2024?",,$ millions
59,"What is the earnings per common share in dollars reported by the company for the three months ended July 31, 2023.",,$ millions
60,"What is the value of Basic Service revenue for the Three Months Ended July 31, 2024?",1.43,$1.43 millions
61,"What is the total revenue generated by the ""Basic "" service from January 1, 2024 to April 30, 2024 (Three Months Ended)?",1.59,$1.59 millions
62,"Here are a few examples of questions:

* What is the revenue from Basic Services for the Three Months Ended July 31, 2023?
* How much did Basic reap in revenue for the Three Months Ended July 31, 2023?
* What is the total expenditure on Basic for the period ending July 31, 2023?
* How much was spent on Basic Services during the Three Months Ended July 31, 2023?

Let me know if you need more!",1.72,$1.72 millions
63,"What is the total portion of revenues attributed to the Basic service for the Nine Months Ended July 31, 2024 compared to the same period in the previous year?",4.72,$4.72 millions
64,"Here is the generated question:

What is the Basic Revenue for the three months ended July 31, 2023?",4.78,$4.78 millions
65,"What is the total revenue for the ""Diluted"" service for the Three Months Ended July 31, 2024?",1.41,$1.41 millions
66,"What is the amount of revenue generated by the Diluted service for the period ending April 30, 2024, within the Three Months Ended timeframe?",1.57,$1.57 millions
67,What is the total revenue reported by Diluted for the Three Months Ended July 31 2023?,1.7,$1.7 millions
68,"What is the diluted earnings per share of the company as of July 31, 2024, for the nine months ended, according to the financial report?",4.66,$4.66 millions
69,"What is the total revenue earned by the company from providing ""Diluted"" services during the period from January 1, 2023 to July 31, 2023, for the Three Months Ended report?",4.73,$4.73 millions
0,"What is the total amount of net interest income earned by the bank as of July 31, 2024, for the three-month period ended on the same date?",4862,$4862 millions
1,"What is the net interest income recorded as of April 30, 2024, for the 3-month period ended on that date?",4694,$4694 millions
2,"What is the Net interest income earned by the bank from July 1, 2023, to July 31, 2023, spanning over a period of 3 months?",4573,$4573 millions
3,"What is the net interest income earned by the bank as of July 31, 2024, for the 9-month period ended on that date?",14329,$14329 millions
4,"What is the net interest income on July 31, 2023, representing the first nine months of the year?",13596,$13596 millions
5,"What is the amount of Non-interest income recorded as of July 31, 2024, for the 3-month period ending July 31, 2024?",3502,$3502 millions
6,"What is the total amount of Non-interest income reported on the company's financial statement as of April 30, 2024, yielding 3 months of data?",3653,$3653 millions
7,"What is the total Non-interest income generated by the bank between April 1, 2023, and July 31, 2023?",3494,$3494 millions
8,"What is the amount of Non-interest income generated by the financial institution as of July 31, 2024, after 9 months of operations?",10815,$10815 millions
9,"What is the amount of Non-interest income for the 9-month period ending July 31, 2023?",10346,$10346 millions
10,"What is the total revenue reported for July 31, 2024, which reflects the cumulative sales for the past 3 months?",8364,$8364 millions
11,"What is the total revenue reported as of April 30, 2024, which represents the cumulative income for the period of 3 months?",8347,$8347 millions
12,"What is the total revenue generated between April 1, 2023, and July 31, 2023?",8067,$8067 millions
13,"What is the total revenue recorded for the company as of July 31, 2024, for the first 9 months of the year?",25144,$25144 millions
14,"What is the total revenue generated from July 1st 2023 to July 31st 2023, a period of 9 months?",23942,$23942 millions
15,"What is the provision for credit losses expected to be on July 31, 2024, for the period ending 3 months prior to that date?",1052,$1052 millions
16,"What is the estimated allowance for credit losses as of April 30, 2024, covering a period of three months?",1007,$1007 millions
17,"Here is the question:

What is the provision for credit losses as of July 31, 2023, for a 3-month period?",819,$819 millions
18,"What is the total amount of provision for credit losses as of July 31, 2024, 9 months into the current financial year?",3021,$3021 millions
19,"What is the reported Provision for credit losses as of July 31, 2023, which represents the amount of expected credit losses for the nine months ended on that date?",2166,$2166 millions
20,"What is the total amount of non-interest expenses as of July 31, 2024, for the three-month period ending on that date?",4949,$4949 millions
21,"What is the total value of Non-interest expenses recognized on the financial statement as of April 30, 2024, which represents the expenses incurred during the first three months of the year?",4711,$4711 millions
22,"What is the total amount of non-interest expenses reported on July 31, 2023, for the three-month period ending on the same date?",4559,$4559 millions
23,"What is the total amount of non-interest expenses incurred by the organization as of July 31, 2024, that have been accumulated over the past 9 months?",14399,$14399 millions
24,"What is the total amount of Non-interest expenses reported as of July 31, 2023, up to 9 months?",13594,$13594 millions
25,"What is the total Income before taxes for the period ending July 31, 2024, covering a period of 3 months?",2363,$2363 millions
26,"What is the preliminary amount of income before taxes reported as of April 30, 2024, representing the total income earned for the 3-month period ending on that date?",2629,$2629 millions
27,"What is the amount of income received by the organization before taxes as of July 31, 2023, for the period of three months?",2689,$2689 millions
28,"What is the total income earned by the company before taxes as of July 31st, 2024 after 9 months?",7724,$7724 millions
29,"What is the total amount of Income before taxes received by an entity as of July 31, 2023, for the 9-month period ending on that date?",8182,$8182 millions
30,"What is the amount of Income tax expense that a company must recognize on its financial statements as of July 31, 2024, 3 months after the end of its fiscal year?",451,$451 millions
31,"What is the amount of Income tax expense recorded by the company as of April 30, 2024, for the period of 3 months?",537,$537 millions
32,"What is the total amount of Income tax expense recorded by a company as of July 31, 2023, that corresponds to the income earned over the past 3 months?",497,$497 millions
33,"What is the amount of income tax expense reported by the company as of July 31, 2024, based on the financial statements covering a period of 9 months?",1521,$1521 millions
34,"What is the amount of Income tax expense recorded by the company as of July 31, 2023, for the 9-month period ending on that date?",2086,$2086 millions
35,"What is the net income for the three months ending July 31, 2024?",1912,$1912 millions
36,"What is the net income of the company as of April 30, 2024, for the three months ended on that date?",2092,$2092 millions
37,"What is the net income for a 3-month period ending on July 31, 2023?",2192,$2192 millions
38,"What is the total Net income of the company as of July 31, 2024, for the first 9 months of the year?",6203,$6203 millions
39,"What is the net income earned between January 1, 2023 and July 31, 2023?",6096,$6096 millions
40,"What is the net income attributable to non-controlling interests in subsidiaries as of July 31, 2024, for the 3-month period?",36,$36 millions
41,"What is the net income attributable to non-controlling interests in subsidiaries (NCI) as of April 30, 2024, for the 3-month period ending on that date?",26,$26 millions
42,"What is the net income attributable to non-controlling interests in subsidiaries (NCI) for the three months ended July 31, 2023?",20,$20 millions
43,"What is the net income attributable to non-controlling interests in subsidiaries (NCI) for the nine months ended July 31, 2024?",87,$87 millions
44,"What is the net income attributable to non-controlling interests in subsidiaries as of July 31, 2023, for the nine-month period ended?",81,$81 millions
45,"What is the net income attributable to equity holders for the three months ended July 31, 2024?",1876,$1876 millions
46,"What is the net income attributed to equity holders for the 3-month period ending April 30, 2024?",2066,$2066 millions
47,"What is the net income attributable to equity holders for the period ending July 31, 2023, for the first three months?",2172,$2172 millions
48,"What is the net income attributable to equity holders for the nine months ended July 31, 2024?",6116,$6116 millions
49,"What is the net income attributable to equity holders as of July 31, 2023, covering the first nine months of the year?",6015,$6015 millions
50,"What is the net income attributable to preferred shareholders and other equity instrument holders for the period ended July 31, 2024?",120,$120 millions
51,"What is the reported value of Net income attributable to preferred shareholders and other equity instrument holders for the 3-month period ending April 30, 2024?",123,$123 millions
52,"What is the net income attributable to preferred shareholders and other equity instrument holders as of July 31, 2023, reflecting the financials for the three-month period ending on that date?",105,$105 millions
53,"What is the net income attributable to preferred shareholders and other equity instrument holders for the period ending July 31, 2024?",351,$351 millions
54,"What is the net income attributable to preferred shareholders and other equity instrument holders as of July 31, 2023, for the 9-month period?",310,$310 millions
55,"What is the net income attributable to common shareholders for the three months ended July 31, 2024?",1756,$1756 millions
56,"What is the net income attributable to common shareholders for the three-month period ending April 30, 2024?",1943,$1943 millions
57,"What is the net income attributable to common shareholders as of July 31, 2023, for the 3-month period ended on that date?",2067,$2067 millions
58,"What is the net income attributable to common shareholders for the nine months ended July 31, 2024?",5765,$5765 millions
59,"What is the amount of net income attributable to common shareholders for the nine months ending July 31, 2023?",5705,$5705 millions
60,"What is the diluted earnings per share (in dollars) for the quarter ending July 31, 2024?",1.41,$1.41 millions
61,"What is the diluted earnings per share (in dollars) reported as of April 30, 2024, for the last three months?",1.57,$1.57 millions
62,"What is the Diluted earnings per share in dollars reported for the 3 month period ending on July 31, 2023?",1.7,$1.7 millions
63,"What is the Diluted earnings per share in dollars on July 31, 2024, being reported for the 9-month period ended on that date?",4.66,$4.66 millions
64,"What is the diluted earnings per share in US dollars as of July 31, 2023, for the nine-month period ending on that date?",4.73,$4.73 millions
65,"What is the Weighted average number of diluted common shares outstanding in millions as of July 31, 2024, representing the 3-month period ending on that date?",1235,$1235 millions
66,"What is the weighted average number of diluted common shares outstanding in millions as of April 30, 2024, 3 months?",1228,$1228 millions
67,"What is the Weighted average number of diluted common shares outstanding (millions) as of the end of the quarter ended July 31, 2023?",1214,$1214 millions
68,"What was the Weighted average number of diluted common shares outstanding (millions) as of July 31, 2024, after 9 months?",1228,$1228 millions
69,"What is the weighted average number of diluted common shares outstanding (in millions) as of July 31, 2023, after 9 months of the current financial year?",1201,$1201 millions
70,"Here is the generated question:

What is the total amount of non-interest income and total revenue (Pre-tax) impacted by adjusting items as of July 31, 2024, for the three-month period?",0,$0 millions
71,"What is the impact on Adjusting items impacting non-interest income and total revenue (Pre-tax) on April 30, 2024, 3 months after the specified date?",0,$0 millions
72,"What is the total non-interest income and total revenue (pre-tax) adjusted to reflect any items impacting these figures as of July 31, 2023, and comparing this to the same period three months prior?",0,$0 millions
73,"What is the amount of non-interest income and total revenue (pre-tax) adjusted by on July 31, 2024, after 9 months of the accounting period?",0,$0 millions
74,"What is the total amount of non-interest income and revenue (pre-tax) that would be adjusted as of July 31, 2023, for the nine-month period?",0,$0 millions
75,"What is the expected timeline for the completion of the Divestitures and wind-down of operations by July 31, 2024, three months from now?",143,$143 millions
76,"What is the estimated completion date of Divestitures and wind-down of operations slated for April 30, 2024, which is expected to take approximately 3 months?",0,$0 millions
77,"What is the purpose of the ""Divestitures and wind-down of operations"" service as of July 31, 2023, for the next 3 months?",0,$0 millions
78,"What is the intended outcome of the Divestitures and wind-down of operations service by July 31, 2024, considering the company has committed to complete the process within 9 months?",143,$143 millions
79,"What is the significance of the ""Divestitures and wind-down of operations"" on July 31, 2023, which is 9 months from the current date?",0,$0 millions
80,"What is the total amount of non-interest expenses that need to be adjusted as of July 31, 2024, resulting from analyzing the company's financial records three months prior to that date?",0,$0 millions
81,"What is the total value of items that are being adjusted on April 30, 2024, which are expected to increase non-interest expenses before taxes, over a period of three months?",0,$0 millions
82,"What is the total amount of non-interest expenses adjusted on July 31, 2023, due to the adjustment of items impacting pre-tax expenses?",0,$0 millions
83,"Here's a possible question:

What is the total non-interest expense adjusted for the items of July 31, 2024, considering the adjustments applicable for the 9-month period?",0,$0 millions
84,"What is the total value of adjusting items impacting non-interest expenses (Pre-tax) reported as of July 31, 2023, which represents the cumulative impact over a 9-month period?",0,$0 millions
85,"What is the expected timeline for the completion of the Divestitures and wind-down of operations by July 31, 2024, three months from now?",7,$7 millions
86,"What is the estimated completion date of Divestitures and wind-down of operations slated for April 30, 2024, which is expected to take approximately 3 months?",0,$0 millions
87,"What is the purpose of the ""Divestitures and wind-down of operations"" service as of July 31, 2023, for the next 3 months?",0,$0 millions
88,"What is the intended outcome of the Divestitures and wind-down of operations service by July 31, 2024, considering the company has committed to complete the process within 9 months?",7,$7 millions
89,"What is the significance of the ""Divestitures and wind-down of operations"" on July 31, 2023, which is 9 months from the current date?",0,$0 millions
90,"Here's a possible question:

What is the expected value of Amortization of acquisition-related intangible assets recorded on July 31, 2024, for the three-month period?",17,$17 millions
91,"What is the total amount of acquisition-related intangible assets being amortized as of April 30, 2024, for the period of 3 months?",18,$18 millions
92,"What is the amount of amortization described in the Amortization of acquisition-related intangible assets financial statement as of July 31, 2023, for the quarter that ended 3 months prior?",20,$20 millions
93,"What is the amount of Acquired Intangible Assets that is expected to be amortized as of July 31, 2024, which is 9 months after the acquisition date?",53,$53 millions
94,"What is the schedule as of July 31, 2023, that outlines the allocation of the purchase price of an intangible asset to its respective accounting periods over 9 months?",62,$62 millions
95,"What is the specific legal provision on July 31, 2024 that applies to the business for the next three months?",176,$176 millions
96,"What is the Legal provision effective as of April 30, 2024, 3 months from now?",0,$0 millions
97,"What is the total duration of the Legal provision service that will be available until July 31, 2023, which is 3 months from the current date?",0,$0 millions
98,"What is the significance of the Legal provision made on July 31, 2024, which will take effect nine months from the mentioned date?",176,$176 millions
99,"What is the specific legal provision made on July 31, 2023, to regulate the industry for the next 9 months?",0,$0 millions
100,"What is the total non-interest expense adjusting item (pre-tax) value for the three months ending July 31, 2024?",186,$186 millions
101,"What is the amount of Total non-interest expense adjusting items (Pre-tax) reported for the 3-month period ending April 30, 2024?",18,$18 millions
102,"What is the total value of non-interest expense adjusting items (Pre-tax) for the company, as of July 31, 2023, covering a period of 3 months?",20,$20 millions
103,"What is the total non-interest expense adjusting items (Pre-tax) for the 9-month period ending July 31, 2024?",222,$222 millions
104,"What is the value of Total non-interest expense adjusting items (Pre-tax) as of July 31, 2023, representing the expenses incurred during the first 9 months of the year that are not interest expenses and are subject to adjustment?",62,$62 millions
105,"What is the total impact of adjusting items on net income before taxes on July 31, 2024, given that it's 3 months since the last reporting period?",329,$329 millions
106,"What is the total impact on net income before taxes as of April 30, 2024, 3 months after adjusting all relevant items?",18,$18 millions
107,"Here is a question that defines the service and date:

What is the total impact of adjusting items on net income before taxes for the period ended July 31, 2023?",20,$20 millions
108,"What is the net income before taxes as of July 31, 2024, 9 months into the fiscal year, after adjusting for all pertinent items?",365,$365 millions
109,"What is the total impact on net income before taxes on July 31, 2023, as a result of adjusting the financial records for the 9-month period leading up to that date?",62,$62 millions
110,"What is the total income tax expense adjustment for the period ending July 31, 2024, resulting from the impact of adjusting items on income tax expense over the past three months leading up to that date?",0,$0 millions
111,"What is the impact on the income tax expense for the company if the items are adjusted as of April 30, 2024, 3 months after the reporting period?",0,$0 millions
112,"What is the impact on the company's income tax expense after adjusting items as of July 31, 2023, three months into the quarter?",0,$0 millions
113,"What is the impact of adjusting items on income tax expense as of July 31, 2024, 9 months into the fiscal year?",0,$0 millions
114,"What is the amount of income tax expense that would be expected to occur on July 31, 2023, if companies adjust certain items in their financial statements for the first 9 months of the year?",0,$0 millions
115,"What is the expected timeline for the completion of the Divestitures and wind-down of operations by July 31, 2024, three months from now?",46,$46 millions
116,"What is the estimated completion date of Divestitures and wind-down of operations slated for April 30, 2024, which is expected to take approximately 3 months?",0,$0 millions
117,"What is the purpose of the ""Divestitures and wind-down of operations"" service as of July 31, 2023, for the next 3 months?",0,$0 millions
118,"What is the intended outcome of the Divestitures and wind-down of operations service by July 31, 2024, considering the company has committed to complete the process within 9 months?",46,$46 millions
119,"What is the significance of the ""Divestitures and wind-down of operations"" on July 31, 2023, which is 9 months from the current date?",0,$0 millions
120,"What is the amount of the Canada recovery dividend that was distributed to eligible individuals or businesses by July 31, 2024, within a 3-month period?",0,$0 millions
121,"What is the amount of the Canada Recovery Dividend that must be paid on or before April 30, 2024, by companies that have accessed the emergency wage subsidy or rent relief programs for at least 3 months?",0,$0 millions
122,"What is the amount of the Canada recovery dividend disbursed to eligible individuals on July 31, 2023, which represents the payment made three months prior?",0,$0 millions
123,"What is the total amount of the Canada Recovery Dividend paid by the Canadian government on July 31, 2024, exactly 9 months after its inception?",0,$0 millions
124,"Here is the question:

What is the amount of the Canada recovery dividend payment that will be made available to individuals as a result of the one-time payment scheduled for July 31, 2023, 9 months after the initial payment date?",579,$579 millions
125,"Here's a possible question:

What is the expected value of Amortization of acquisition-related intangible assets recorded on July 31, 2024, for the three-month period?",4,$4 millions
126,"What is the total amount of acquisition-related intangible assets being amortized as of April 30, 2024, for the period of 3 months?",5,$5 millions
127,"What is the amount of amortization described in the Amortization of acquisition-related intangible assets financial statement as of July 31, 2023, for the quarter that ended 3 months prior?",5,$5 millions
128,"What is the amount of Acquired Intangible Assets that is expected to be amortized as of July 31, 2024, which is 9 months after the acquisition date?",14,$14 millions
129,"What is the schedule as of July 31, 2023, that outlines the allocation of the purchase price of an intangible asset to its respective accounting periods over 9 months?",17,$17 millions
130,"What is the total impact of adjusting items on income tax expense reported as of July 31, 2024, 3 months into the current fiscal year?",50,$50 millions
131,"What is the total impact on income tax expense as of April 30, 2024, after adjusting all items for a 3-month period?",5,$5 millions
132,"What is the total impact of adjusting items on income tax expense as of July 31, 2023, for the 3-month period that ended on this date?",5,$5 millions
133,"What is the total impact of adjusting items on income tax expense as of July 31, 2024, after 9 months?",60,$60 millions
134,"What is the total impact of adjusting items on income tax expense for the period ending July 31, 2023, which represents the financial performance of the company over the first 9 months of the year?",562,$562 millions
135,"What is the total net income resulting from adjusting items on July 31, 2024, at the end of a 3-month period?",279,$279 millions
136,"What is the total net income of a company as of April 30, 2024, after adjusting for items such as depreciation, amortization, and non-cash expenses?",13,$13 millions
137,"What is the total impact of adjusting items on net income as of July 31, 2023, for the three-month period?",15,$15 millions
138,"What is the total impact on net income resulting from adjusting items as of July 31, 2024, for the 9-month period ended?",305,$305 millions
139,"What is the total impact of adjusting items on net income for the period ending July 31, 2023, for the 9-month period?",624,$624 millions
140,"What is the impact of adjusting items on the Non-Current Investments (NCI) portfolio as of July 31, 2024, three months after the adjustments were made?",2,$2 millions
141,"What impact would adjusting items on the National Competitiveness Index (NCI) have on the country's economic status by April 30, 2024, if the adjustments are made three months prior to that date?",0,$0 millions
142,"What is the effect of adjusting items on the Net Current Investment (NCI) as of July 31, 2023, specifically assessing the impact over the next 3-month period?",0,$0 millions
143,"What is the estimated impact on Net Current Investment (NCI) if items are adjusted as of July 31, 2024, nine months from the current date?",2,$2 millions
144,"What is the impact of adjusting items on NCI as of July 31, 2023, 9 Months, on the company's financial performance?",0,$0 millions
145,"What is the total impact of adjusting items on net income attributable to equity for the period ending July 31, 2024 (3 months)?",0,$0 millions
146,"What is the total impact on net income attributable to equity as of April 30, 2024, for the three-month period ending on that date?",0,$0 millions
147,"What is the total impact of adjusting items on net income attributable to equity for the three months ended July 31, 2023?",0,$0 millions
148,"What is the net income attributable to equity on July 31, 2024, for the nine months ended that day, after adjusting for all relevant items?",0,$0 millions
149,"What is the total impact of adjusting items on net income attributable to equity for the 9 months ended July 31, 2023?",0,$0 millions
150,"What is the requirement of holders and common shareholders as of July 31, 2024, within the next three months?",277,$277 millions
151,"Here's a possible question:

What is the total value of the interests held by holders and common shareholders as of April 30, 2024, after 3 months?",13,$13 millions
152,"What is the number of holders and common shareholders as of July 31, 2023, representing the entity's ownership structure after three months since the previous reporting period?",15,$15 millions
153,"What is the number of holders and common shareholders as of July 31, 2024, which is 9 months after the previous reporting period?",303,$303 millions
154,"What is the dividend distribution announcement made by the company on July 31, 2023, for holders and common shareholders, indicating the payment date and amount for the 9-month period?",624,$624 millions
155,"What is the total amount of net interest income earned by the bank as of July 31, 2024, for the three-month period ended on the same date?",4862,$4862 millions
156,"What is the net interest income recorded as of April 30, 2024, for the 3-month period ended on that date?",4694,$4694 millions
157,"What is the Net interest income earned by the bank from July 1, 2023, to July 31, 2023, spanning over a period of 3 months?",4573,$4573 millions
158,"What is the net interest income earned by the bank as of July 31, 2024, for the 9-month period ended on that date?",14329,$14329 millions
159,"What is the net interest income on July 31, 2023, representing the first nine months of the year?",13596,$13596 millions
160,"What is the amount of Non-interest income recorded as of July 31, 2024, for the 3-month period ending July 31, 2024?",3645,$3645 millions
161,"What is the total amount of Non-interest income reported on the company's financial statement as of April 30, 2024, yielding 3 months of data?",3653,$3653 millions
162,"What is the total Non-interest income generated by the bank between April 1, 2023, and July 31, 2023?",3494,$3494 millions
163,"What is the amount of Non-interest income generated by the financial institution as of July 31, 2024, after 9 months of operations?",10958,$10958 millions
164,"What is the amount of Non-interest income for the 9-month period ending July 31, 2023?",10346,$10346 millions
165,"What is the total revenue reported for July 31, 2024, which reflects the cumulative sales for the past 3 months?",8507,$8507 millions
166,"What is the total revenue reported as of April 30, 2024, which represents the cumulative income for the period of 3 months?",8347,$8347 millions
167,"What is the total revenue generated between April 1, 2023, and July 31, 2023?",8067,$8067 millions
168,"What is the total revenue recorded for the company as of July 31, 2024, for the first 9 months of the year?",25287,$25287 millions
169,"What is the total revenue generated from July 1st 2023 to July 31st 2023, a period of 9 months?",23942,$23942 millions
170,"What is the provision for credit losses expected to be on July 31, 2024, for the period ending 3 months prior to that date?",1052,$1052 millions
171,"What is the estimated allowance for credit losses as of April 30, 2024, covering a period of three months?",1007,$1007 millions
172,"Here is the question:

What is the provision for credit losses as of July 31, 2023, for a 3-month period?",819,$819 millions
173,"What is the total amount of provision for credit losses as of July 31, 2024, 9 months into the current financial year?",3021,$3021 millions
174,"What is the reported Provision for credit losses as of July 31, 2023, which represents the amount of expected credit losses for the nine months ended on that date?",2166,$2166 millions
175,"What is the total amount of non-interest expenses as of July 31, 2024, for the three-month period ending on that date?",4763,$4763 millions
176,"What is the total value of Non-interest expenses recognized on the financial statement as of April 30, 2024, which represents the expenses incurred during the first three months of the year?",4693,$4693 millions
177,"What is the total amount of non-interest expenses reported on July 31, 2023, for the three-month period ending on the same date?",4539,$4539 millions
178,"What is the total amount of non-interest expenses incurred by the organization as of July 31, 2024, that have been accumulated over the past 9 months?",14177,$14177 millions
179,"What is the total amount of Non-interest expenses reported as of July 31, 2023, up to 9 months?",13532,$13532 millions
180,"What is the total Income before taxes for the period ending July 31, 2024, covering a period of 3 months?",2692,$2692 millions
181,"What is the preliminary amount of income before taxes reported as of April 30, 2024, representing the total income earned for the 3-month period ending on that date?",2647,$2647 millions
182,"What is the amount of income received by the organization before taxes as of July 31, 2023, for the period of three months?",2709,$2709 millions
183,"What is the total income earned by the company before taxes as of July 31st, 2024 after 9 months?",8089,$8089 millions
184,"What is the total amount of Income before taxes received by an entity as of July 31, 2023, for the 9-month period ending on that date?",8244,$8244 millions
185,"What is the amount of Income tax expense that a company must recognize on its financial statements as of July 31, 2024, 3 months after the end of its fiscal year?",501,$501 millions
186,"What is the amount of Income tax expense recorded by the company as of April 30, 2024, for the period of 3 months?",542,$542 millions
187,"What is the total amount of Income tax expense recorded by a company as of July 31, 2023, that corresponds to the income earned over the past 3 months?",502,$502 millions
188,"What is the amount of income tax expense reported by the company as of July 31, 2024, based on the financial statements covering a period of 9 months?",1581,$1581 millions
189,"What is the amount of Income tax expense recorded by the company as of July 31, 2023, for the 9-month period ending on that date?",1524,$1524 millions
190,"What is the net income for the three months ending July 31, 2024?",2191,$2191 millions
191,"What is the net income of the company as of April 30, 2024, for the three months ended on that date?",2105,$2105 millions
192,"What is the net income for a 3-month period ending on July 31, 2023?",2207,$2207 millions
193,"What is the total Net income of the company as of July 31, 2024, for the first 9 months of the year?",6508,$6508 millions
194,"What is the net income earned between January 1, 2023 and July 31, 2023?",6720,$6720 millions
195,"What is the net income attributable to non-controlling interests as of July 31, 2024, for the three-month period?",38,$38 millions
196,"What is the net income attributable to non-controlling interests as of April 30, 2024, for the three months ended?",26,$26 millions
197,"What is the net income earned by the Non-Controlling Interest (NCI) for the three-month period ended July 31, 2023?",20,$20 millions
198,"What is the amount of net income attributable to non-controlling interest as of July 31, 2024, for the 9-month period?",89,$89 millions
199,"What is the net income attributable to non-controlling interest reported by the company for the 9-month period ending July 31, 2023?",81,$81 millions
200,"What is the net income attributable to equity holders for the three months ended July 31, 2024?",2153,$2153 millions
201,"What is the net income attributed to equity holders for the 3-month period ending April 30, 2024?",2079,$2079 millions
202,"What is the net income attributable to equity holders for the period ending July 31, 2023, for the first three months?",2187,$2187 millions
203,"What is the net income attributable to equity holders for the nine months ended July 31, 2024?",6419,$6419 millions
204,"What is the net income attributable to equity holders as of July 31, 2023, covering the first nine months of the year?",6639,$6639 millions
205,"What is the net income attributable to preferred shareholders and other equity as of July 31, 2024, for the 3-month period ending on that date?",0,$0 millions
206,"What is the net income attributable to preferred shareholders and other equity for the period ended April 30, 2024, for a 3-month period?",0,$0 millions
207,"What is the net income attributable to preferred shareholders and other equity for the three months ending on July 31, 2023?",0,$0 millions
208,"What is the net income attributable to preferred shareholders and other equity as of July 31, 2024, for the nine-month period?",0,$0 millions
209,"What is the net income attributable to preferred shareholders and other equity for the 9 months ending July 31, 2023?",0,$0 millions
210,"What is the total number of instrument holders required for the quarterly financial report due on July 31, 2024, for a period of 3 months?",120,$120 millions
211,"What is the total sheaf capacity of instrument holders booked for the period starting from May 1, 2024, up to August 30, 2024, on April 30, 2024?",123,$123 millions
212,"Here is the question:

What is the scope of service contract for Instrument Holders on July 31, 2023, spanning a period of 3 months?",105,$105 millions
213,"Here is the generated question:

What is the total number of instrument holders registered with the service provider as of July 31, 2024, who will have completed 9 months of service?",351,$351 millions
214,"What is the duration and details of the instrument holders service offered on July 31, 2023, within a 9-month time frame?",310,$310 millions
215,"What is the net income attributable to common shareholders for the three months ended July 31, 2024?",2033,$2033 millions
216,"What is the net income attributable to common shareholders for the three-month period ending April 30, 2024?",1956,$1956 millions
217,"What is the net income attributable to common shareholders as of July 31, 2023, for the 3-month period ended on that date?",2082,$2082 millions
218,"What is the net income attributable to common shareholders for the nine months ended July 31, 2024?",6068,$6068 millions
219,"What is the amount of net income attributable to common shareholders for the nine months ending July 31, 2023?",6329,$6329 millions
220,"What is the diluted earnings per share (in dollars) for the quarter ending July 31, 2024?",1.63,$1.63 millions
221,"What is the diluted earnings per share (in dollars) reported as of April 30, 2024, for the last three months?",1.58,$1.58 millions
222,"What is the Diluted earnings per share in dollars reported for the 3 month period ending on July 31, 2023?",1.72,$1.72 millions
223,"What is the Diluted earnings per share in dollars on July 31, 2024, being reported for the 9-month period ended on that date?",4.9,$4.9 millions
224,"What is the diluted earnings per share in US dollars as of July 31, 2023, for the nine-month period ending on that date?",5.25,$5.25 millions
225,"What is the impact on diluted earnings per share in dollars, as of July 31, 2024, for the three-month period?",0.22,$0.22 millions
226,"What is the impact of adjustments on diluted earnings per share in dollars for the three months ended April 30, 2024?",0.01,$0.01 millions
227,"What is the adjusted diluted earnings per share for the three months ended July 31, 2023, in US dollars, as reported by the company?",0.02,$0.02 millions
228,"What is the value of diluted earnings per share in dollars, as of July 31, 2024, which takes into account all adjustments made up to the 9-month mark?",0.24,$0.24 millions
229,"What is the impact on diluted earnings per share in dollars (in millions) as of July 31, 2023, for the 9-month period ended?",0.52,$0.52 millions
230,"What is the Weighted average number of diluted common shares outstanding in millions as of July 31, 2024, representing the 3-month period ending on that date?",1235,$1235 millions
231,"What is the weighted average number of diluted common shares outstanding in millions as of April 30, 2024, 3 months?",1228,$1228 millions
232,"What is the Weighted average number of diluted common shares outstanding (millions) as of the end of the quarter ended July 31, 2023?",1214,$1214 millions
233,"What was the Weighted average number of diluted common shares outstanding (millions) as of July 31, 2024, after 9 months?",1228,$1228 millions
234,"What is the weighted average number of diluted common shares outstanding (in millions) as of July 31, 2023, after 9 months of the current financial year?",1212,$1212 millions