,question,answer
0,"What is the sum of reported and adjusted results for Net interest income on July 31, 2024, which represents a 3 Months reconciliation?",4862
1,"What is the Net interest income for the 3-month period ending April 30, 2024?",4694
2,"What is the Servicing of Net Interest Income as of July 31, 2023, for the 3-month period?",4573
3,"What is the value of reconciled Net interest income as of July 31, 2024, for the 9-month period?",14329
4,"What is the Reconciliation of reported and adjusted results and diluted earnings per share as of July 31, 2023, for the 9-month period?",13596
5,"What is the Reconciliation of reported and adjusted results and diluted earnings per share as of July 31, 2024, for Non-interest income broken down over a 3-month period?",3502
6,"What is the Reconciliation of reported and adjusted results and diluted earnings per share as of April 30, 2024, for the three-month period, which is a non-interest income service?",3653
7,"What is the reported and adjusted result for Non-interest income as of the 3-month period ending July 31, 2023?",3494
8,"What is the service that represents non-interest income as of July 31, 2024, representing the reconciliation of reported and adjusted results and diluted earnings per share for the 9-month period?",10815
9,"What is the reconciliation of reported and adjusted results and diluted earnings per share for the Non-interest income as of July 31, 2023, for the 9-month period?",10346
10,"What is the reconciled total revenue as of July 31, 2024, which represents the company's total revenue reported and adjusted for the period ended three months ago?",8364
11,"What is the total revenue for the period up to April 30, 2024, which represents the company's financial performance for the 3-month reporting period?",8347
12,"What is the total revenue as of July 31, 2023 (3 months period) for the Reconciliation of reported and adjusted results and diluted earnings per share service?",8067
13,"What is the total revenue for the 9 months ending on July 31, 2024?",25144
14,"What is the total revenue serviced as of July 31, 2023, 9 months?",23942
15,"What is the estimated Provision for credit losses as of July 31, 2024, for the three-month reporting period ending on said date?",1052
16,"What does the ""Reconciliation of reported and adjusted results and diluted earnings per share for the Provision for credit losses as of April 30, 2024, 3 Months"" service reveal, providing insight into the accounting process of assessing and estimating the company's credit losses at a specific point in time?",1007
17,"What is the Provision for credit losses report for as of July 31, 2023, 3 Months?",819
18,"What is the scope of the Provision for credit losses service as of July 31, 2024, for the 9-month period, which includes the reconciliation of reported and adjusted results and diluted earnings per share?",3021
19,"What is the provision for credit losses as of July 31, 2023, for the 9-month period?",2166
20,"What is the purpose of the Reconciliation of reported and adjusted results and diluted earnings per share service, as of July 31, 2024, covering the 3-month period?",4949
21,"What is the Reconciliation of reported and adjusted results and diluted earnings per share as of April 30, 2024, which represents the Non-interest expenses for the 3-month period?",4711
22,"What is the Reconciliation of Non-interest expenses for reported and adjusted results as of July 31, 2023, which marks the end of the 3-month period?",4559
23,"What is the reported and adjusted results and diluted earnings per share reported by ""Non-interest expenses"" as of July 31, 2024, representing the 9-month period?",14399
24,"What is the purpose of the Non-interest Expenses service on July 31, 2023, 9 Months, specifically related to the Reconciliation of reported and adjusted results and diluted earnings per share?",13594
25,"What is the Income before taxes for the 3 months ended on July 31, 2024?",2363
26,"What is the Income before taxes for the 3-Month period ended April 30, 2024?",2629
27,"What is the Income before Taxes service reconciling reported and adjusted results and diluted earnings per share for, as of July 31, 2023, 3 Months?",2689
28,"What is the purpose of the ""Income before taxes"" service, as of July 31, 2024, for the 9-month reporting period, and how do reported and adjusted results compare and impact diluted earnings per share?",7724
29,"What is the Income before taxes for the 9-month period ending July 31, 2023, as reported and adjusted, and what are the diluted earnings per share for this period, on this date?",8182
30,"What is the reconciled Income tax expense for the 3-month period ending July 31, 2024?",451
31,"What is the reconciliation of reported and adjusted results and diluted earnings per share as of April 30, 2024, which includes income tax expense, and requires the reconciliation of reported net income to adjusted net income, as well as the computation of diluted earnings per share for the 3-month period ending April 30, 2024?",537
32,"What is the Income Tax Expense Reconciliation of reported and adjusted results and diluted earnings per share as of July 31, 2023, reflecting the 3-Month period?",497
33,"What is the income tax expense reported by Reconciliation of reported and adjusted results and diluted earnings per share as of July 31, 2024, for the 9-month period?",1521
34,"What is the income tax expense for the 9 months ended July 31, 2023?",2086
35,"What is the purpose of the Reconciliation of reported and adjusted results and diluted earnings per share service as of July 31, 2024, which represents the Company's net income for the 3-month period ending on that date?",1912
36,"What is the Net income as of April 30, 2024, for the three months since inception of revenue recognition?",2092
37,"What is the net income for the Reconciliation of reported and adjusted results and diluted earnings per share as of July 31, 2023 for the 3-month period?",2192
38,"What is the Net income information for Reconciliation of reported and adjusted results and diluted earnings per share as of July 31, 2024, representing the 9-month period?",6203
39,"What is the Service for Reconciliation of reported and adjusted results and diluted earnings per share up to July 31, 2023, for the 9-month period?",6096
40,"What is the service ""Net income attributable to non-controlling interests in subsidiaries (NCI)"" which reconciles the reported and adjusted results and diluted earnings per share as of July 31, 2024, for a 3-month period?",36
41,"What is the NCI (Net income attributable to non-controlling interests in subsidiaries) for the 3-month period ending April 30, 2024?",26
42,"What is the net income attributable to non-controlling interests in subsidiaries (NCI) as of July 31, 2023, for the three-month period?",20
43,"What is the calculation for ""Net income attributable to non-controlling interests in subsidiaries (NCI)"" as of July 31, 2024, which presents the reported and adjusted results and diluted earnings per share?",87
44,"What is the reconciliation of net income attributable to non-controlling interests in subsidiaries (NCI) for the nine months ended July 31, 2023?",81
45,"What is the Reconciliation of reported and adjusted results and diluted earnings per share as of July 31, 2024 for ""Net income attributable to equity holders""?",1876
46,"What is the reported and adjusted result of ""Net income attributable to equity holders"" as of April 30, 2024, for the three months period?",2066
47,"What is the Reconciliation of Net income attributable to equity holders for the 3 months ended July 31, 2023?",2172
48,"What is the Net income attributable to equity holders as of July 31, 2024, for the 9-month period?",6116
49,"What is the Reconciliation of reported and adjusted results and diluted earnings per share for Net income attributable to equity holders as of July 31, 2023, 9 months?",6015
50,"What is the reconciliation of reported and adjusted results and diluted earnings per share as of July 31, 2024, for Net income attributable to preferred shareholders and other equity instrument holders, depicting the three-month period ending on the specified date?",120
51,"What is the net income attributable to preferred shareholders and other equity instrument holders as of April 30, 2024, for the three-month period of the reporting period?",123
52,"What is the Net income attributable to preferred shareholders and other equity instrument holders as of July 31, 2023, for the 3-month period?",105
53,"What is the value of net income attributable to preferred shareholders and other equity instrument holders as of July 31, 2024, for the nine months ended period?",351
54,"What is the Net income attributable to preferred shareholders and other equity instrument holders as of July 31, 2023, for the 9-month period?",310
55,"What service, which is the Reconciliation of reported and adjusted results and diluted earnings per share, as of July 31, 2024, 3 Months, reflects the company's reported and adjusted net income attributable to common shareholders?",1756
56,"What is the net income attributable to common shareholders as of April 30, 2024, for the 3-month period?",1943
57,"What is the reconciled net income attributable to common shareholders as of July 31, 2023, for the three-month period?",2067
58,"What is the Reconciliation of Net income attributable to common shareholders as of July 31, 2024, representing the reported and adjusted results and diluted earnings per share for the nine months ended on this date?",5765
59,"What is the Reconciliation of net income attributable to common shareholders as of July 31, 2023, 9 Months, representing the reported and adjusted results and diluted earnings per share?",5705
60,"What is the Diluted earnings per share (in dollars) as of July 31, 2024, 3 Months?",1.41
61,"What is the Diluted Earnings Per Share (in dollars) report, as of April 30, 2024, 3 Months, which represents the reconciliation of reported and adjusted results?",1.57
62,"What service will be provided on July 31, 2023, to reconcile reported and adjusted results, which represents the diluted earnings per share (in dollars) for the 3-month period ended on the given date?",1.7
63,"What is the Diluted earnings per share (in dollars) reported as of July 31, 2024, that reconciles reported and adjusted results?",4.66
64,"What is the diluted earnings per share (in dollars) as of July 31, 2023, for the 9-month period?",4.73
65,"What is the weighted average number of diluted common shares outstanding (millions) as of July 31, 2024, for the quarter ended July 31, 2024?",1235
66,"What is the Weighted average number of diluted common shares outstanding (millions) as of April 30, 2024, corresponding to the 3-month period?",1228
67,"What is the weighted average number of diluted common shares outstanding (millions) as of July 31, 2023 for the 3-month period?",1214
68,"What is the Weighted average number of diluted common shares outstanding as of July 31, 2024, for 9 months?",1228
69,"What is the weighted average number of diluted common shares outstanding as of July 31, 2023, for the 9-month period?",1201
70,"What is the purpose of the ""Adjusting items impacting non-interest income and total revenue (Pre-tax)"" service scheduled to be completed by July 31, 2024, which is 3 months from the reporting date?",0
71,"What is the purpose of the ""Adjusting items impacting non-interest income and total revenue (Pre-tax)"" service as of April 30, 2024, which is 3 months into the reporting period?",0
72,"What is the purpose of the ""Adjusting items impacting non-interest income and total revenue (Pre-tax)"" service as of July 31, 2023, for the period ended three months?",0
73,"What is the purpose of the ""Adjusting items impacting non-interest income and total revenue (Pre-tax)"" service as of July 31, 2024, which is intended to support the reconciliation of reported and adjusted results and diluted earnings per share?",0
74,"What is the purpose of the ""Adjusting items impacting non-interest income and total revenue (Pre-tax) service"" as presented in the reconciliation of reported and adjusted results and diluted earnings per share report as of July 31, 2023, for the nine-month period?",0
75,"What is the purpose of the ""Reconciliation of reported and adjusted results and diluted earnings per share"" service as of July 31, 2024 3 Months, which is the result of the Divestitures and wind-down of operations?",143
76,"What is the purpose of the ""Divestitures and wind-down of operations"" service as of April 30, 2024, 3 Months, in the context of reconciling reported and adjusted results and diluted earnings per share?",0
77,"What is the purpose of the ""Reconciliation of reported and adjusted results and diluted earnings per share"" service as of July 31, 2023, for the 3-month period, regarding the Divestitures and wind-down of operations?",0
78,"What is the purpose and outcome for the ""Divestitures and wind-down of operations"" service reconciliation of reported and adjusted results and diluted earnings per share as of July 31, 2024, which represents the 9-month period ending date?",143
79,"What is the purpose of the ""Divestitures and wind-down of operations"" service as of July 31, 2023, which reconciles reported and adjusted results and diluted earnings per share?",0
80,"What is the purpose of the ""Adjusting items impacting non-interest expenses (Pre-tax)"" service as disclosed in the Reconciliation of reported and adjusted results and diluted earnings per share report dated July 31, 2024 and covering the 3-month period?",0
81,"What is the purpose of the ""Adjusting items impacting non-interest expenses (Pre-tax)"" service provided as of April 30, 2024, for the 3-month report's reconciliation of reported and adjusted results and diluted earnings per share?",0
82,"What is the purpose of the Reconciliation of reported and adjusted results and diluted earnings per share service as of July 31, 2023, specifically focusing on the Adjusting items impacting non-interest expenses (Pre-tax) for the 3-month period ending on that date?",0
83,"What is the purpose of the ""Adjusting items impacting non-interest expenses (Pre-tax)"" service on July 31, 2024, 9 Months, where reported and adjusted results are reconciled for the provided date range?",0
84,"What is the purpose of the Adjusting items impacting non-interest expenses (Pre-tax) service on July 31, 2023, to reconcile reported and adjusted results and diluted earnings per share?",0
85,"What is the purpose of the ""Reconciliation of reported and adjusted results and diluted earnings per share"" service as of July 31, 2024 3 Months, which is the result of the Divestitures and wind-down of operations?",7
86,"What is the purpose of the ""Divestitures and wind-down of operations"" service as of April 30, 2024, 3 Months, in the context of reconciling reported and adjusted results and diluted earnings per share?",0
87,"What is the purpose of the ""Reconciliation of reported and adjusted results and diluted earnings per share"" service as of July 31, 2023, for the 3-month period, regarding the Divestitures and wind-down of operations?",0
88,"What is the purpose and outcome for the ""Divestitures and wind-down of operations"" service reconciliation of reported and adjusted results and diluted earnings per share as of July 31, 2024, which represents the 9-month period ending date?",7
89,"What is the purpose of the ""Divestitures and wind-down of operations"" service as of July 31, 2023, which reconciles reported and adjusted results and diluted earnings per share?",0
90,"What is the Amortization of Acquisition-related Intangible Assets reconciliation report that describes the reported and adjusted results and diluted earnings per share as of July 31st, 2024, 3 Months?",17
91,"What is the Amortization of acquisition-related intangible assets report for the 3 months ended April 30, 2024, and how does it reconcile reported and adjusted results and diluted earnings per share during this period?",18
92,"What service provided as of July 31, 2023 for a 3-month period represents the accounting treatment of Amortization of acquisition-related intangible assets?",20
93,"What is the purpose of the ""Amortization of acquisition-related intangible assets"" service regarding the reported and adjusted results and diluted earnings per share as of July 31, 2024, which marks the end of the 9-month period?",53
94,"What is the purpose of the Amortization of acquisition-related intangible assets service as of July 31, 2023, and when will the 9-month report be available for reconciliation of reported and adjusted results and diluted earnings per share?",62
95,"What is the purpose of the Legal provision service's Reconciliation of reported and adjusted results and diluted earnings per share as of July 31, 2024, reflecting the company's financial position for the 3-Month period?",176
96,"What is the purpose of the Legal provision service scheduled for April 30, 2024, which is 3 Months away, to reconcile reported and adjusted results and diluted earnings per share?",0
97,"What is the Reconciliation of reported and adjusted results and diluted earnings per share as of July 31, 2023, for the legal provision service, representing the 3-month period?",0
98,"What is the purpose of the Legal provision service as of July 31, 2024, reflecting the company's financial results at the 9-month mark?",176
99,"What are the reported and adjusted results, as well as the diluted earnings per share, as of July 31, 2023, for the 9-month period, in relation to the Legal provision service?",0
100,"What is the significance of the ""Total non-interest expense adjusting items (Pre-tax)"" service and what does the ""July 31, 2024 (3 Months)"" date represents in the context of the Reconciliation of reported and adjusted results and diluted earnings per share?",186
101,"What is the purpose of the ""Total non-interest expense adjusting items (Pre-tax)"" service as of April 30, 2024, 3 Months?",18
102,"What is the Total non-interest expense adjusting items (Pre-tax) for the 3-Month period ended July 31, 2023?",20
103,"What is the total non-interest expense adjusting items (Pre-tax) associated with the reconciliation of reported and adjusted results and diluted earnings per share as of July 31, 2024, which represents the 9-month period ending on that date?",222
104,"What adjustments to pre-tax ""Total non-interest expense"" were reported for the 9 months ended July 31, 2023?",62
105,"What is the total impact of adjusting items on net income before taxes as of July 31, 2024 (3 Months)?",329
106,"What is the total impact of adjusting items on net income before taxes as of April 30, 2024, reporting the results for the 3-month period?",18
107,"What is the Total impact of adjusting items on net income before taxes as of July 31, 2023, for the three months period?",20
108,"What is the total impact of adjusting items on net income before taxes as of July 31, 2024, for the nine-month period?",365
109,"What is the total impact of adjusting items on net income before taxes as of July 31, 2023, representing the reported and adjusted results and diluted earnings per share for the 9-month period?",62
110,"What is the purpose of the ""Impact of adjusting items on income tax expense"" service as of July 31, 2024, which is a 3-month reconciliation of reported and adjusted results and diluted earnings per share?",0
111,"What is the impact of adjusting items on income tax expense on the reported results, as of April 30, 2024, based on the 3-month period ended?",0
112,"What does the ""Impact of adjusting items on income tax expense"" service represent as of July 31, 2023, 3 Months?",0
113,"What is the Impact of adjusting items on income tax expense as of July 31, 2024, for the 9-month period?",0
114,"What is the Impact of adjusting items on income tax expense as of July 31, 2023, for the 9-month period?",0
115,"What is the purpose of the ""Reconciliation of reported and adjusted results and diluted earnings per share"" service as of July 31, 2024 3 Months, which is the result of the Divestitures and wind-down of operations?",46
116,"What is the purpose of the ""Divestitures and wind-down of operations"" service as of April 30, 2024, 3 Months, in the context of reconciling reported and adjusted results and diluted earnings per share?",0
117,"What is the purpose of the ""Reconciliation of reported and adjusted results and diluted earnings per share"" service as of July 31, 2023, for the 3-month period, regarding the Divestitures and wind-down of operations?",0
118,"What is the purpose and outcome for the ""Divestitures and wind-down of operations"" service reconciliation of reported and adjusted results and diluted earnings per share as of July 31, 2024, which represents the 9-month period ending date?",46
119,"What is the purpose of the ""Divestitures and wind-down of operations"" service as of July 31, 2023, which reconciles reported and adjusted results and diluted earnings per share?",0
120,"What is the purpose of the Canada Recovery Dividend service on July 31, 2024, 3 Months, which involves the reconciliation of reported and adjusted results and diluted earnings per share?",0
121,"What does the Canada Recovery Dividend service scheduled for April 30, 2024, represent, in terms of reconciling reported and adjusted results and diluted earnings per share?",0
122,"What is the Canada Recovery Dividend, which is to be reconciled, for the reported and adjusted results as of July 31, 2023, 3 Months?",0
123,"What does the ""Canada Recovery Dividend"" service report for the period ending July 31, 2024, and how do reported and adjusted results and diluted earnings per share reconcile during this 9-month period?",0
124,"What is the date that the Canada Recovery Dividend reconciliation report is scheduled to be complete, combining reported and adjusted financial results and diluted earnings per share, as of July 31, 2023, for the 9-month period?",579
125,"What is the Amortization of Acquisition-related Intangible Assets reconciliation report that describes the reported and adjusted results and diluted earnings per share as of July 31st, 2024, 3 Months?",4
126,"What is the Amortization of acquisition-related intangible assets report for the 3 months ended April 30, 2024, and how does it reconcile reported and adjusted results and diluted earnings per share during this period?",5
127,"What service provided as of July 31, 2023 for a 3-month period represents the accounting treatment of Amortization of acquisition-related intangible assets?",5
128,"What is the purpose of the ""Amortization of acquisition-related intangible assets"" service regarding the reported and adjusted results and diluted earnings per share as of July 31, 2024, which marks the end of the 9-month period?",14
129,"What is the purpose of the Amortization of acquisition-related intangible assets service as of July 31, 2023, and when will the 9-month report be available for reconciliation of reported and adjusted results and diluted earnings per share?",17
130,"What is the total impact of adjusting items on income tax expense as of July 31, 2024, in the 3-month period?",50
131,"What is the total impact of adjusting items on income tax expense as of April 30, 2024, reflected in the 3-month reconciliation of reported and adjusted results and diluted earnings per share?",5
132,"What is the total impact of adjusting items on income tax expense as of July 31, 2023, for the 3-month period?",5
133,"What is the total impact of adjusting items on income tax expense as of July 31, 2024, for the 9-month period?",60
134,"What is the total impact of adjusting items on income tax expense as of July 31, 2023, representing the results for the 9-month period?",562
135,"What is the Total impact of adjusting items on net income as of July 31, 2024, for the 3-month period?",279
136,"What is the total impact of adjusting items on net income as of April 30, 2024, for the three-month period ended on that date?",13
137,"What is the Total impact of adjusting items on net income as of July 31, 2023, for the three-month period?",15
138,"What is the Total impact of adjusting items on net income as of July 31, 2024, for the 9-month period, and how does it reconcile with the reported and adjusted results?",305
139,"What is the total impact of adjusting items on net income as of July 31, 2023, for the 9-month period?",624
140,"What is the purpose of the ""Impact of adjusting items on NCI"" service as of July 31, 2024, and what reconciliations are presented at this 3-month date for reported and adjusted results and diluted earnings per share?",2
141,"What is the purpose of the ""Impact of adjusting items on NCI"" service as of April 30, 2024, which is typically completed after the reporting of quarterly financial results?",0
142,"What is the purpose of the ""Impact of adjusting items on NCI"" service as of July 31, 2023, three months after the end of the period?",0
143,"What is the Impact of adjusting items on Non-Controlling Interests (NCI) as of July 31, 2024, which presents the reconciliation of reported and adjusted results and diluted earnings per share for the 9-month period ended on this date?",2
144,"What is the reconciled and adjusted result and diluted earnings per share provided by the ""Impact of adjusting items on NCI"" service as of July 31, 2023, for the 9-month period?",0
145,"What is the total impact of adjusting items on net income attributable to equity as of July 31, 2024, for the 3-month period?",0
146,"What is the Total impact of adjusting items on net income attributable to equity as of April 30, 2024, for the 3-month period?",0
147,"What is the total impact of adjusting items on net income attributable to equity as of July 31, 2023, for the 3-month period?",0
148,"What is the total impact of adjusting items on net income attributable to equity as of July 31, 2024, for the 9-month period?",0
149,"What is the total impact of adjusting items on net income attributable to equity as of July 31, 2023, for the 9-month period?",0
150,"What is the Reconciliation of reported and adjusted results and diluted earnings per share to be presented to holders and common shareholders as of July 31, 2024, a 3 months period?",277
151,"What is the Reconciliation of reported and adjusted results and diluted earnings per share service provided by ""Holders and Common Shareholders"" as of April 30, 2024, 3 Months?",13
152,"What is the purpose of the ""Reconciliation of Reported and Adjusted Results and Diluted Earnings per Share"" service provided to holders and common shareholders as of July 31, 2023, 3 Months?",15
153,"What is the purpose of the Reconciliation of reported and adjusted results and diluted earnings per share for holders and common shareholders as of July 31, 2024, 9 Months?",303
154,"What is the purpose of the ""Reconciliation of reported and adjusted results and diluted earnings per share"" service being held for ""holders and common shareholders"" as of July 31, 2023, and what information will be presented to provide insight into the company's earnings?",624
155,"What is the sum of reported and adjusted results for Net interest income on July 31, 2024, which represents a 3 Months reconciliation?",4862
156,"What is the Net interest income for the 3-month period ending April 30, 2024?",4694
157,"What is the Servicing of Net Interest Income as of July 31, 2023, for the 3-month period?",4573
158,"What is the value of reconciled Net interest income as of July 31, 2024, for the 9-month period?",14329
159,"What is the Reconciliation of reported and adjusted results and diluted earnings per share as of July 31, 2023, for the 9-month period?",13596
160,"What is the Reconciliation of reported and adjusted results and diluted earnings per share as of July 31, 2024, for Non-interest income broken down over a 3-month period?",3645
161,"What is the Reconciliation of reported and adjusted results and diluted earnings per share as of April 30, 2024, for the three-month period, which is a non-interest income service?",3653
162,"What is the reported and adjusted result for Non-interest income as of the 3-month period ending July 31, 2023?",3494
163,"What is the service that represents non-interest income as of July 31, 2024, representing the reconciliation of reported and adjusted results and diluted earnings per share for the 9-month period?",10958
164,"What is the reconciliation of reported and adjusted results and diluted earnings per share for the Non-interest income as of July 31, 2023, for the 9-month period?",10346
165,"What is the reconciled total revenue as of July 31, 2024, which represents the company's total revenue reported and adjusted for the period ended three months ago?",8507
166,"What is the total revenue for the period up to April 30, 2024, which represents the company's financial performance for the 3-month reporting period?",8347
167,"What is the total revenue as of July 31, 2023 (3 months period) for the Reconciliation of reported and adjusted results and diluted earnings per share service?",8067
168,"What is the total revenue for the 9 months ending on July 31, 2024?",25287
169,"What is the total revenue serviced as of July 31, 2023, 9 months?",23942
170,"What is the estimated Provision for credit losses as of July 31, 2024, for the three-month reporting period ending on said date?",1052
171,"What does the ""Reconciliation of reported and adjusted results and diluted earnings per share for the Provision for credit losses as of April 30, 2024, 3 Months"" service reveal, providing insight into the accounting process of assessing and estimating the company's credit losses at a specific point in time?",1007
172,"What is the Provision for credit losses report for as of July 31, 2023, 3 Months?",819
173,"What is the scope of the Provision for credit losses service as of July 31, 2024, for the 9-month period, which includes the reconciliation of reported and adjusted results and diluted earnings per share?",3021
174,"What is the provision for credit losses as of July 31, 2023, for the 9-month period?",2166
175,"What is the purpose of the Reconciliation of reported and adjusted results and diluted earnings per share service, as of July 31, 2024, covering the 3-month period?",4763
176,"What is the Reconciliation of reported and adjusted results and diluted earnings per share as of April 30, 2024, which represents the Non-interest expenses for the 3-month period?",4693
177,"What is the Reconciliation of Non-interest expenses for reported and adjusted results as of July 31, 2023, which marks the end of the 3-month period?",4539
178,"What is the reported and adjusted results and diluted earnings per share reported by ""Non-interest expenses"" as of July 31, 2024, representing the 9-month period?",14177
179,"What is the purpose of the Non-interest Expenses service on July 31, 2023, 9 Months, specifically related to the Reconciliation of reported and adjusted results and diluted earnings per share?",13532
180,"What is the Income before taxes for the 3 months ended on July 31, 2024?",2692
181,"What is the Income before taxes for the 3-Month period ended April 30, 2024?",2647
182,"What is the Income before Taxes service reconciling reported and adjusted results and diluted earnings per share for, as of July 31, 2023, 3 Months?",2709
183,"What is the purpose of the ""Income before taxes"" service, as of July 31, 2024, for the 9-month reporting period, and how do reported and adjusted results compare and impact diluted earnings per share?",8089
184,"What is the Income before taxes for the 9-month period ending July 31, 2023, as reported and adjusted, and what are the diluted earnings per share for this period, on this date?",8244
185,"What is the reconciled Income tax expense for the 3-month period ending July 31, 2024?",501
186,"What is the reconciliation of reported and adjusted results and diluted earnings per share as of April 30, 2024, which includes income tax expense, and requires the reconciliation of reported net income to adjusted net income, as well as the computation of diluted earnings per share for the 3-month period ending April 30, 2024?",542
187,"What is the Income Tax Expense Reconciliation of reported and adjusted results and diluted earnings per share as of July 31, 2023, reflecting the 3-Month period?",502
188,"What is the income tax expense reported by Reconciliation of reported and adjusted results and diluted earnings per share as of July 31, 2024, for the 9-month period?",1581
189,"What is the income tax expense for the 9 months ended July 31, 2023?",1524
190,"What is the purpose of the Reconciliation of reported and adjusted results and diluted earnings per share service as of July 31, 2024, which represents the Company's net income for the 3-month period ending on that date?",2191
191,"What is the Net income as of April 30, 2024, for the three months since inception of revenue recognition?",2105
192,"What is the net income for the Reconciliation of reported and adjusted results and diluted earnings per share as of July 31, 2023 for the 3-month period?",2207
193,"What is the Net income information for Reconciliation of reported and adjusted results and diluted earnings per share as of July 31, 2024, representing the 9-month period?",6508
194,"What is the Service for Reconciliation of reported and adjusted results and diluted earnings per share up to July 31, 2023, for the 9-month period?",6720
195,"What is the value of Net income attributable to NCI as of July 31, 2024, reflecting the results of the company for a 3-month period?",38
196,"What is the purpose of the ""Net income attributable to NCI"" service as of ""April 30, 2024, 3 Months"", which outlines the reconciliation of reported and adjusted results and diluted earnings per share?",26
197,"What is the Reconciliation of Net income attributable to NCI reported and adjusted for the period ended July 31, 2023, and what are the diluted earnings per share based on this Net income attributable to NCI for the three months ended July 31, 2023?",20
198,"What is the service of ""Net income attributable to non-controlling interest"" as of July 31, 2024, for the 9-month period?",89
199,"What is the amount of Net income attributable to non-controlling interests (NCI) reported as of July 31, 2023, representing the 9-month period?",81
200,"What is the Reconciliation of reported and adjusted results and diluted earnings per share as of July 31, 2024 for ""Net income attributable to equity holders""?",2153
201,"What is the reported and adjusted result of ""Net income attributable to equity holders"" as of April 30, 2024, for the three months period?",2079
202,"What is the Reconciliation of Net income attributable to equity holders for the 3 months ended July 31, 2023?",2187
203,"What is the Net income attributable to equity holders as of July 31, 2024, for the 9-month period?",6419
204,"What is the Reconciliation of reported and adjusted results and diluted earnings per share for Net income attributable to equity holders as of July 31, 2023, 9 months?",6639
205,"What does the ""Reconciliation of reported and adjusted results and diluted earnings per share for Net income attributable to preferred shareholders and other equity"" report reflect as of July 31, 2024 (3 Months)?",0
206,"What is the net income attributable to preferred shareholders and other equity for the period ending April 30, 2024?",0
207,"What is the service ""Net income attributable to preferred shareholders and other equity"" as of July 31, 2023, for the 3-Month period?",0
208,"What is the purpose of the ""Reconciliation of reported and adjusted results and diluted earnings per share"" service as of July 31, 2024, 9 Months, which provides the reconciliation of net income attributable to preferred shareholders and other equity?",0
209,"What is the ""Reconciliation of Net income attributable to preferred shareholders and other equity"" as of July 31, 2023 (9 months) needed for?",0
210,"What is the purpose of the July 31 2024 3 Months Reconciliation of reported and adjusted results and diluted earnings per share service, specifically for instrument holders?",120
211,"What is the Reconciliation of reported and adjusted results and diluted earnings per share as of April 30, 2024, provided to Instrument Holders after 3 Months?",123
212,"What is the purpose of the Instrument Holders service as of July 31, 2023, 3 Months, which includes the Reconciliation of reported and adjusted results and diluted earnings per share?",105
213,"What is the purpose of the Reconciliation of reported and adjusted results and diluted earnings per share service as of July 31, 2024 for instrument holders?",351
214,"What is the Reconciliation of reported and adjusted results and diluted earnings per share for instrument holders as of July 31, 2023, for the 9-month period?",310
215,"What service, which is the Reconciliation of reported and adjusted results and diluted earnings per share, as of July 31, 2024, 3 Months, reflects the company's reported and adjusted net income attributable to common shareholders?",2033
216,"What is the net income attributable to common shareholders as of April 30, 2024, for the 3-month period?",1956
217,"What is the reconciled net income attributable to common shareholders as of July 31, 2023, for the three-month period?",2082
218,"What is the Reconciliation of Net income attributable to common shareholders as of July 31, 2024, representing the reported and adjusted results and diluted earnings per share for the nine months ended on this date?",6068
219,"What is the Reconciliation of net income attributable to common shareholders as of July 31, 2023, 9 Months, representing the reported and adjusted results and diluted earnings per share?",6329
220,"What is the Diluted earnings per share (in dollars) as of July 31, 2024, 3 Months?",1.63
221,"What is the Diluted Earnings Per Share (in dollars) report, as of April 30, 2024, 3 Months, which represents the reconciliation of reported and adjusted results?",1.58
222,"What service will be provided on July 31, 2023, to reconcile reported and adjusted results, which represents the diluted earnings per share (in dollars) for the 3-month period ended on the given date?",1.72
223,"What is the Diluted earnings per share (in dollars) reported as of July 31, 2024, that reconciles reported and adjusted results?",4.9
224,"What is the diluted earnings per share (in dollars) as of July 31, 2023, for the 9-month period?",5.25
225,"What is the Impact of adjustments on diluted earnings per share (in dollars) as of July 31, 2024, representing the 3-Month period ended, and how does it impact the company's financial results?",0.22
226,"What is the impact of adjustments on diluted earnings per share in dollars as of the March 2024 quarterly reconciliation up to April 30, 2024?",0.01
227,"What is the Impact of adjustments on diluted earnings per share (in dollars) on July 31, 2023, as of the 3-Month period?",0.02
228,"What is the impact of adjustments on diluted earnings per share for the 9 months ended July 31, 2024, as reported in the service ""Impact of adjustments on diluted earnings per share (in dollars)""?",0.24
229,"What is the reported and adjusted diluted earnings per share reconciled impact for the 9 months ended July 31, 2023, as reflected in the Impact of adjustments on diluted earnings per share (in dollars) service?",0.52
230,"What is the weighted average number of diluted common shares outstanding (millions) as of July 31, 2024, for the quarter ended July 31, 2024?",1235
231,"What is the Weighted average number of diluted common shares outstanding (millions) as of April 30, 2024, corresponding to the 3-month period?",1228
232,"What is the weighted average number of diluted common shares outstanding (millions) as of July 31, 2023 for the 3-month period?",1214
233,"What is the Weighted average number of diluted common shares outstanding as of July 31, 2024, for 9 months?",1228
234,"What is the weighted average number of diluted common shares outstanding as of July 31, 2023, for the 9-month period?",1212
0,What was Scotiabank's net income for the third quarter?,"TORONTO, August 27, 2024 — The Bank of Nova Scotia (Scotiabank) (TSX: BNS; NYSE: BNS) reported third quarter net income of $1,912 million compared to $2,192 million in the same period last year. Diluted earnings per share (EPS) were $1.41 compared to $1.70 in the same period a year ago. "
1,What was the adjusted net income for the third quarter?,"Adjusted net income(1) for the third quarter was $2,191 million and adjusted diluted EPS(1) were $1.63, down from $1.72 last year. Adjusted return on equity(1) was 11.3% compared to 12.1% a year ago. "
2,What was the progress made in executing against Scotiabank's strategy in the quarter?,"“We made important progress in executing against our strategy this quarter, delivering solid revenue growth and generating continued positive operating leverage,” said Scott Thomson, President and Chief Executive Officer of Scotiabank. “Through a continued challenging environment, we achieved quarter over quarter EPS growth from balanced business line results while further strengthening our balance sheet.” "
3,What was the adjusted earnings of Canadian Banking for this quarter?,"Canadian Banking generated adjusted earnings(1) of $1.1 billion this quarter, up 6% year over year. The results reflect solid revenue growth from continued deposit momentum and net interest margin expansion, a third consecutive quarter of positive operating leverage, partly offset by an increase in provision for credit losses compared to the prior year. "
4,What was the adjusted earnings for International Banking in the quarter?,"International Banking generated adjusted earnings(1) of $709 million, up 10% year over year. Solid revenue growth, driven by strong margin expansion, and continued expense discipline were partly offset by higher provision for credit losses. Year-to-date positive operating leverage remains strong, reflecting the significant impact of productivity initiatives in the region. "
5,What was the year-over-year growth rate of Global Wealth Management adjusted earnings?,"Global Wealth Management adjusted earnings(1) were $418 million, up 11% year over year. Solid revenue growth, driven by higher fee-based client assets, outpaced expense growth resulting in positive operating leverage for the quarter. Additionally, assets under management of $364 billion grew 10% year over year. "
6,What was the year-over-year change in Global Banking and Markets' earnings?,"Global Banking and Markets reported earnings of $418 million, down 4% year over year.  Higher revenues, driven by Corporate and Investment Banking, were more than offset by higher provision for credit losses and investments to support business growth. "
7,What was the CET1 capital ratio for Scotiabank in the current quarter?,"The Bank reported a Common Equity Tier 1 (CET1) capital ratio(3) of 13.3%, up from 12.7% last year. "
8,What is the significance of the strategic investment in KeyCorp for Scotiabank's growth strategy?,"“We have also taken an important early step towards our long-term vision of delivering sustainable, profitable growth through a strategic investment in KeyCorp, increasing the capital deployed to our identified priority markets,” continued Mr. Thomson. “We expect that this transaction will enhance near- term profitability, grow and diversify our well-established U.S. business, and create future strategic optionality for Scotiabank as we expand our presencein the North American corridor.” Adoption of IFRS 17On November 1, 2023, the Bank adopted IFRS 17 Insurance Contracts, which provides a comprehensive principle-based framework for the recognition, measurement, presentation, and disclosure of insurance contracts and replaces IFRS 4, the previous accounting standard for insurance contracts. The Bank adopted IFRS 17 on a retrospective basis, restating the results from the transition date of November 1, 2022. Accordingly, results for fiscal 2023 have been restated to reflect the IFRS 17 basis of accounting for insurance contracts. Refer to Notes 3 and 4 of the condensed interim financial statements in the Bank’s Q3 2024 Quarterly Report to Shareholders for details. "
9,What are the major business segments of Scotiabank?,Business Segment Review 
10,What was the major business segment of Scotiabank's revenues in the quarter?,Canadian Banking 
11,What was the increase in net income attributable to equity holders from Q3 2023 to Q3 2024?,"Q3 2024 vs Q3 2023 Net income attributable to equity holders was $1,110 million, compared to $1,050 million, an increase of $60 million or 6%. The increase was due primarily to higher revenues, partly offset by higher provision for credit losses and non-interest expenses. "
12,What was the year-over-year change in Scotiabank's net income attributable to equity holders in Q3 2024?,"Q3 2024 vs Q2 2024 Net income attributable to equity holders increased $102 million or 10%. The increase was due primarily to higher revenues, partly offset by higher non- interest expenses and provision for credit losses. "
13,What was the percentage change in Net income attributable to equity holders from Q3 2023 to Q3 2024?,"Year-to-date Q3 2024 vs Year-to-date Q3 2023 Net income attributable to equity holders was $3,213 million compared to $3,191 million, up 1%. Adjusted net income was $3,215 million, an increase of $21 million or 1%. The increase was due primarily to higher revenues, partly offset by higher provision for credit losses and non-interest expenses. "
14,What segment generated the majority of Scotiabank's net income?,International Banking 
15,What drove the increase in net income attributable to equity holders in Q3 2024 compared to Q3 2023?,"Q3 2024 vs Q3 2023 Net income attributable to equity holders increased $48 million to $669 million. Adjusted net income attributable to equity holders increased $46 million to $674 million. The increase was driven by higher net interest income and non-interest income, lower provision for income taxes and the positive impact of foreign currency translation, partly offset by higher provision for credit losses and non-interest expenses. "
16,What were the main reasons for the decrease in net income and adjusted net income in Q3 2024 compared to Q2 2024?,"Q3 2024 vs Q2 2024 Net income attributable to equity holders decreased $2 million. Adjusted net income attributable to equity holders decreased $3 million. Lower net interest income and higher provision for credit losses were mostly offset by higher non-interest income, the positive impact of foreign currency translation and lower provision for income taxes. "
17,What was the year-over-year increase in net income attributable to equity holders in Q3 2024?,"Year-to-date Q3 2024 vs Year-to-date Q3 2023 Net income attributable to equity holders was $2,086 million, an increase of 10% from $1,901 million. Adjusted net income attributable to equity holders was $2,103 million, an increase of $180 million or 9%. The increase was driven by higher net interest income and non-interest income and the positive impact of foreign currency translation, partly offset by higher provision for credit losses, non-interest expenses and provision for income taxes. "
18,What was the title of the quarterly report provided?,2   Scotiabank Third Quarter Press Release 2024 
19,"How was the bank's performance in terms of revenue, expenses, and profits after adjusting for currency fluctuations?",Financial Performance on a Constant Dollar Basis 
20,What financial measure do the results of operations reflect when presented on a constant dollar basis?,"The discussion below on the results of operations is on a constant dollar basis. Under the constant dollar basis, prior period amounts are recalculated using current period average foreign currency rates, which is a non-GAAP financial measure (refer to Non-GAAP Measures starting on page 6). The Bank believes that constant dollar is useful for readers in assessing ongoing business performance without the impact of foreign currency translation and is used by management to assess the performance of the business segment. "
21,What was the increase in net income attributable to equity holders from Q3 2023 to Q3 2024?,"Q3 2024 vs Q3 2023 Net income attributable to equity holders was $669 million, up $41 million or 7% and adjusted net income attributable to equity holders was $674 million, up $39 million or 6%. The increase was driven by higher net interest income and non-interest income, and lower provision for income taxes, partly offset by higher provision for credit losses and non-interest expenses. "
22,What was the net income attributable to equity holders in Q2 2024 compared to Q3 2024?,"Q3 2024 vs Q2 2024 Net income attributable to equity holders decreased $7 million or 1%. Adjusted net income attributable to equity holders decreased $8 million or 1%. The decrease was due primarily to lower net interest income, higher provision for credit losses and non-interest expenses, partly offset by higher non-interest income and lower provision for income taxes. "
23,What was the increase in net income attributable to equity holders from Year-to-date Q3 2023 to Year-to-date Q3 2024?,"Year-to-date Q3 2024 vs Year-to-date Q3 2023 Net income attributable to equity holders was $2,086 million, an increase of 4% from $2,010 million. Adjusted net income attributable to equity holders was $2,103 million, an increase of $72 million or 4%. The increase was driven by higher net interest income, partly offset by lower non-interest income and higher provision for credit losses and non-interest expenses. "
24,What type of financial services does Scotiabank offer in this segment?,Global Wealth Management 
25,What drove the increase in Net income attributable to equity holders in Q3 2024 compared to Q3 2023?,"Q3 2024 vs Q3 2023 Net income attributable to equity holders was $408 million, an increase of $42 million or 11%. Adjusted net income attributable to equity holders was $415 million, up $42 million or 11%. The increase was due primarily to higher brokerage revenues and net interest income in Canada, and higher mutual funds fees across the Canadian and International wealth businesses. This was partly offset by higher non-interest expenses, due largely to volume-related expenses. "
26,Did net income attributable to equity holders increase in Q3 2024 compared to Q2 2024?,"Q3 2024 vs Q2 2024 Net income attributable to equity holders increased $28 million or 7% due primarily to higher brokerage revenues, mutual fund fees, and net interest income. This was partly offset by higher non-interest expenses, due largely to volume-related expenses. "
27,What was the increase in Net income attributable to equity holders from year-to-date Q3 2023 to year-to-date Q3 2024?,"Year-to-date Q3 2024 vs Year-to-date Q3 2023 Net income attributable to equity holders was $1,156 million, up $52 million or 5%. Adjusted net income attributable to equity holders was $1,176 million, up $52 million or 5%. The increase was due primarily to higher brokerage revenues and net interest income in Canada and higher mutual fund fees in International Wealth, particularly within Mexico. This was partly offset by higher non-interest expenses due largely to volume-related expenses. "
28,What is the primary business segment of Scotiabank?,Global Banking and Markets 
29,What change did ScotiaBank's net income attributable to equity holders experience compared to Q3 2023?,"Q3 2024 vs Q3 2023 Net income attributable to equity holders was $418 million, a decrease of $16 million or 4%.  This decrease was due to lower non-interest income, higher non-interest expenses and higher provision for credit losses, partly offset by higher net interest income and lower income tax expense. "
30,What was the net change in Scotiabank's net income attributable to equity holders between Q3 2024 and Q2 2024?,"Q3 2024 vs Q2 2024 Net income attributable to equity holders decreased by $10 million or 2% due to lower non-interest income, higher non-interest expenses, higher provision for credit losses and higher income tax expense, partly offset by higher net interest income. "
31,What was the change in net income attributable to equity holders from Q3 2023 to Q3 2024?,"Year-to-date Q3 2024 vs Year-to-date Q3 2023 Net income attributable to equity holders was $1,285 million, a decrease of $69 million or 5% due to lower net interest and non-interest income and higher non-interest expenses, partly offset by lower income tax expense and provision for credit losses. "
32,What kinds of transactions fall under this category?,Other 
33,What was the net loss of Scotiabank in Q3 2024 compared to Q3 2023?,"Q3 2024 vs Q3 2023 Net income attributable to equity holders was a net loss of $729 million, compared to a net loss of $299 million last year.  Adjusted net income attributable to equity holders was a net loss of $465 million compared to a net loss of $299 million last year. The higher loss of $166 million was due mainly to lower revenues driven by higher funding costs. These were partly offset by higher revenue from liquid assets and a lower taxable equivalent basis (TEB) gross-up as the Bank no longer claims the dividend received deduction on Canadian shares that are mark-to-market property. The TEB gross- up is offset in income taxes. "
34,What was the net loss attributable to equity holders in Q3 2024 compared to Q2 2024?,"Q3 2024 vs Q2 2024 Net loss attributable to equity holders increased $308 million from the prior quarter. Adjusted net loss attributable to equity holders increased $44 million from the prior quarter. The higher loss was due mainly to lower revenues and higher non-interest expenses. Lower revenues were driven mainly by lower investment gains, and unrealized losses on non-trading derivatives this quarter. "
35,What was the net loss attributable to equity holders for Q3 2024 compared to Q3 2023?,"Year-to-date Q3 2024 vs Year-to-date Q3 2023 Net income attributable to equity holders was a net loss of $1,624 million compared to a net loss of $1,535 million. Adjusted net income attributable to equity holders was a net loss of $1,360 million compared to a net loss of $956 million. The higher loss of $404 million was due mainly to lower revenues, partly offset by lower non-interest expenses. The decrease in revenue was due primarily to higher funding costs, partly offset by higher income from liquid assets and a lower TEB gross-up, as the Bank no longer claims the dividend received deduction on Canadian shares that are mark-to-market property.The TEB gross-up is offset in income taxes. The provision for credit losses was $1,052 million, compared to $819 million, an increase of $233 million. The provision for credit losses ratio increased 13 basis points to 55 basis points. "
36,What factors affected the provision for credit losses on performing loans in the latest quarter?,"The provision for credit losses on performing loans was $82 million, compared to $81 million. The provision this quarter was driven by the impact of higher interest rates, including the related migration in retail portfolios in Canadian Banking, as well as higher corporate and commercial provisions due to the continued unfavourable macroeconomic outlook and credit quality migration. This was partly offset by retail credit migration to impaired in International Banking, mainly in Chile and Peru. "
37,What was the primary reason for the increase in provision for credit losses?,"The provision for credit losses on impaired loans was $970 million, compared to $738 million, an increase of $232 million or 31% due primarily to higher formations in International Banking retail portfolios, mostly in Colombia, Chile and Peru. There were also higher provisions in the Canadian retail portfolios, primarily auto loans and credit cards. The provision for credit losses ratio on impaired loans was 51 basis points, an increase of 13 basis points. "
38,What was the increase in the provision for credit losses ratio from Q2 2024 to Q3 2024?,"Q3 2024 vs Q2 2024 The provision for credit losses was $1,052 million, compared to $1,007 million. The provision for credit losses ratio was 55 basis points, an increase of one basis point. "
39,What was the main driver of the increase in provision for credit losses on performing loans?,"The provision for credit losses on performing loans was $82 million, compared to $32 million. The increase in provision was driven by the continued unfavourable macroeconomic outlook and uncertainty around the impact of higher interest rates across corporate and commercial portfolios, as well as credit migration and growth in the Canadian Banking retail portfolios.  This was partly offset by retail credit migration to impaired in International Banking, mainly in Chile and Peru. "
40,What was the reduction in provision for credit losses on impaired loans from the previous quarter?,"The provision for credit losses on impaired loans was $970 million, compared to $975 million, a decrease of $5 million or 1%, due primarily to lower "
41,What was the impact on retail provisions in International Banking?,"retail provisions in Canadian Banking across most products, partly offset by higher retail provisions across most markets in International Banking. The provision for credit losses ratio on impaired loans was 51 basis points, a decrease of one basis point. "
42,What was the increase in the provision for credit losses from the same period last year?,"Year-to-date Q3 2024 vs Year-to-date Q3 2023 The provision for credit losses was $3,021 million, compared to $2,166 million, an increase of $855 million. The provision for credit losses ratio increased 16 basis points to 53 basis points. "
43,What significant event or trend caused the decrease in provision for credit losses on performing loans?,"Provision for credit losses on performing loans was $134 million, compared to $245 million. The year-to-date provision reflects the impact of a "
44,What factors impacted Scotiabank's quarterly performance?,"continued unfavourable macroeconomic outlook, growth in Canadian and International retail portfolios, as well as the impact of migration in the Canadian Banking retail portfolios, and higher corporate and commercial provisions.  This was partly offset by retail credit migration to impaired in International Banking. "
45,What was the change in provision for credit losses on impaired loans from the previous quarter?,"Provision for credit losses on impaired loans was $2,887 million compared to $1,921 million, an increase of $966 million, due primarily to higher formations in the International Banking retail portfolios, across most markets, as well as higher provisions in Canadian Banking. The provision for credit losses ratio on impaired loans increased 18 basis points to 51 basis points. "
46,"What was the total allowance for credit losses as at July 31, 2024?","Allowance for credit losses The total allowance for credit losses as at July 31, 2024, was $6,860 million compared to $6,768 million last quarter. The allowance for credit losses ratio was 89 basis points, an increase of one basis point. The allowance for credit losses on loans was $6,582 million, an increase of $75 million from the prior quarter. "
47,What drove the increase in allowance for credit losses in Scotiabank's quarterly report?,"The allowance for credit losses was higher due to provisions in Canadian Banking retail portfolios, mainly in residential mortgages, auto loans and unsecured revolving products, higher commercial provisions in International Banking and the impact of the continued macroeconomic outlook mainly on commercial, corporate and Canadian retail portfolios. The increase was partly offset by the impact of foreign currency translation of $62 million. "
48,What drove the increase in the allowance against performing loans?,"The allowance against performing loans was higher at $4,542 million compared to $4,507 million last quarter. The allowance for performing loans ratio was 62 basis points, an increase of one basis point from last quarter. The allowance was driven by the impact of higher interest rates, including the related migration in retail portfolios in Canadian Banking, as well as higher corporate and commercial provisions due to the continued unfavourable macroeconomic outlook and credit quality migration.  This was partly offset by retail credit migration to impaired in International Banking, mainly in Chile and Peru, and the impact of foreign currency translation. The impact of foreign currency translation decreased the allowance by $32 million. "
49,What was the main driver of the increase in allowances on impaired loans?,"The allowance on impaired loans increased to $2,040 million from $2,000 million last quarter. The increase was due primarily to retail credit "
50,What negatively impacted the provision for credit losses in the quarter?,"migration in International Banking and higher provisions in commercial portfolios, partly offset by the impact of foreign currency translation. The impact of foreign currency translation decreased the allowance by $30 million. The allowance for impaired loans ratio was 27 basis points, unchanged from last quarter. "
51,What caused the increase in impaired loans during the quarter?,"Impaired loans Gross impaired loans increased to $6,489 million as at July 31, 2024, from $6,399 million last quarter. The increase was due primarily to new commercial formations in Canadian Banking mainly related to one account in the agriculture sector, new formations in International retail portfolios, and in International commercial mainly related to one account in the wholesale and retail sector in Mexico.  The increase was partly offset by the impact of foreign currency translation. The gross impaired loan ratio was 84 basis points, an increase of one basis point from last quarter. "
52,What was the increase in net impaired loans in the Canadian Banking division from the previous quarter?,"Net impaired loans in Canadian Banking were $1,253 million, an increase of $95 million from last quarter, due primarily to new formations related to one commercial account in the agriculture sector and lower provisions in the retail portfolio across most products. International Banking’s net impaired loans were $3,118 million, a decrease of $23 million from last quarter, due primarily to the impact of foreign currency translation and higher retail provisions. In Global Wealth Management, net impaired loans were $34 million, a decrease of $20 million from last quarter, due primarily to repayments. In Global Banking and Markets, net impaired loans were $44 million, a decrease of $2 million from last quarter. Net impaired loans as a percentage ofloans and acceptances were 0.58%, an increase of one basis point from last quarter. The Bank’s Common Equity Tier 1 (CET1)capital ratio(1) was 13.3% as at July 31, 2024, an increase of approximately 10 basis points from the prior quarter, due primarily to internal capital generation, share issuances from the Bank’s Shareholder Dividend and Share Purchase Plan (DRIP), and revaluation gains on FVOCI securities, partly offset by higher risk-weighted assets. "
53,What was the increase in Scotiabank's Tier 1 capital ratio from the prior quarter?,"The Bank’s Tier 1 capital ratio(1) was 15.3%, as at July 31, 2024, an increase of approximately 10 basis points from the prior quarter, due mainly to the "
54,What were the effects on the CET1 ratio?,above noted impacts to the CET1 ratio. 
55,"What was the Total capital ratio as at July 31, 2024?","The Total capital ratio(1) was 17.1%, as at July 31, 2024, largely unchanged from the prior quarter, as the above noted impacts to the Tier 1 capital ratio "
56,What was the net effect of debt issuance and redemption in the quarter?,and an issuance of $1 billion of subordinated debentures were offset by the redemption of $1.5 billion of subordinated debentures. 
57,What contributed to the increase in the leverage ratio?,"The Leverage ratio(2) was 4.5% as at July 31, 2024, an increase of approximately 10 basis points from the prior quarter, mainly from higher Tier 1 "
58,What is the primary source of funding for Scotiabank?,capital. 
59,"What was the increase in the TLAC ratio from the prior quarter as of July 31, 2024?","The Total loss absorbing capacity (TLAC) ratio(3) was 29.1% as at July 31, 2024, an increase of approximately 20 basis points from the prior quarter, "
60,What drove the increase in Tier 1 Capital?,mainly from higher available TLAC. 
61,What was the change in TLAC leverage ratio from the prior quarter?,"The TLAC Leverage ratio(3) was 8.5%, an increase of approximately 10 basis points from the prior quarter, due primarily to higher available TLAC. As at July 31, 2024, the CET1, Tier 1, Total capital, Leverage, TLAC and TLAC Leverageratios were well above OSFI’s minimum capital ratios. The Bank uses a number of financial measures andratios to assess its performance, as well as the performance of its operating segments. Some of these financial measures and ratios are presented on a non-GAAP basis and are not calculated in accordance with Generally Accepted Accounting Principles (GAAP), which are based on International Financial Reporting Standards (IFRS) as issued by the International Accounting Standards Board (IASB), are not defined by GAAP and do not have standardized meanings and therefore might not be comparable to similar financial measures and ratios disclosed by other issuers. The Bank believes that non-GAAP measures and ratios are useful as they provide readers with a better understanding of how management assesses performance. These non-GAAP measures and ratios are used throughout this press release and defined below. "
62,What is the purpose of presenting both reported and adjusted results?,"Adjusted results and diluted earnings per share Management considers both reported and adjusted results and measures useful in assessing underlying ongoing business performance. Adjusted results and measures remove certain specified items from revenue, non-interest expenses, income taxes and non-controlling interests. Presenting results on both a reported basis and adjusted basis allows readers to assess the impact of certain items on results for the periods presented, and to better assess results and trends excluding those items that may not be reflective of ongoing business performance. "
63,What are the adjusting items impacting Scotiabank's financial results?,Adjusting items impacting results are as follows: 
64,What was adjusted for in the Bank's Q3 2024 reported results?,1.  The Bank’s Q3 2024 reported resulted were adjusted for the following items. These amounts were recorded in the Other operating segment. 
65,What activity characterized the bank's transactions during the quarter?,a)  Divestitures and wind-down of operations 
66,What was the result of the sale of CrediScotia Financiera to Banco Santander in Q3 2024?,"In Q3 2024, the Bank entered into an agreement to sell CrediScotia Financiera, a wholly-owned consumer finance subsidiary in Peru, to Banco Santander. The Bank recognized an impairment loss of $143 million in non-interest income and a credit of $7 million in non-interest expenses ($90 million after-tax). For further details, please refer to Note 22 of the Consolidated Financial Statements in the Bank’s Q3 2024 Quarterly Report to Shareholders. "
67,What type of restriction is this?,b)  Legal provision 
68,What was the expense incurred by Scotiabank in Q3 2024 due to legal actions?,"In Q3 2024, the Bank recognized a $176 million expense for legal actions relating to certain value-added tax assessed amounts in Peru and associated interest. For further details, please refer to Note 20 of the Consolidated Financial Statements in the Bank’s Q3 2024 Quarterly Report to Shareholders. "
69,What adjustments were made to the reported periods?,2.  All reported periods were adjusted for: 
70,What was capitalized from the acquisition of the bank's intangible assets in the current quarter?,a)  Amortization of acquisition-related intangible assets 
71,What type of assets did Scotiabank amortize in its quarterly report?,"These costs relate to the amortization of intangible assets recognized upon the acquisition of businesses, excluding software, and are recorded in the Canadian Banking, International Banking and Global Wealth Management operating segments. "
72,What item was recorded in the Other operating segment in Scotiabank's fiscal 2023 results?,3.  The Bank’s fiscal 2023 reported results were adjusted for the following item. This amount was recorded in the Other operating segment. 
73,What is the name of the dividend introduced by Scotiabank in its quarterly report?,a)  Canada Recovery Dividend 
74,What is the reason for the additional income tax expense recognized by the Bank in Q1 2023?,"In Q1 2023, the Bank recognized an additional income tax expense of $579 million reflecting the present value of the amount payable for the Canada Recovery Dividend (CRD). The CRD is a Canadian federal tax measure which requires the Bank to pay a one-time tax of 15% on taxable income in excess of $1 billion, based on the average taxable income for the 2020 and 2021 taxation years. The CRD is payable in equal amounts over five years; however, the present value ofthese payments was recognized as a liability in the period enacted. The Bank uses a number of financial measures andratios to assess its performance, as well as the performance of its operating segments. Some of these financial measures and ratios are presented on a non-GAAP basis and are not calculated in accordance with Generally Accepted Accounting Principles (GAAP), which are based on International Financial Reporting Standards (IFRS) as issued by the International Accounting Standards Board (IASB), are not defined by GAAP and do not have standardized meanings and therefore might not be comparable to similar financial measures and ratios disclosed by other issuers. The Bank believes that non-GAAP measures and ratios are useful as they provide readers with a better understanding of how management assesses performance. These non-GAAP measures and ratios are used throughout this press release and defined below. "
75,What is the purpose of presenting both reported and adjusted results?,"Adjusted results and diluted earnings per share Management considers both reported and adjusted results and measures useful in assessing underlying ongoing business performance. Adjusted results and measures remove certain specified items from revenue, non-interest expenses, income taxes and non-controlling interests. Presenting results on both a reported basis and adjusted basis allows readers to assess the impact of certain items on results for the periods presented, and to better assess results and trends excluding those items that may not be reflective of ongoing business performance. "
76,What are the adjusting items impacting Scotiabank's financial results?,Adjusting items impacting results are as follows: 
77,What was adjusted for in the Bank's Q3 2024 reported results?,1.  The Bank’s Q3 2024 reported resulted were adjusted for the following items. These amounts were recorded in the Other operating segment. 
78,What activity characterized the bank's transactions during the quarter?,a)  Divestitures and wind-down of operations 
79,What was the result of the sale of CrediScotia Financiera to Banco Santander in Q3 2024?,"In Q3 2024, the Bank entered into an agreement to sell CrediScotia Financiera, a wholly-owned consumer finance subsidiary in Peru, to Banco Santander. The Bank recognized an impairment loss of $143 million in non-interest income and a credit of $7 million in non-interest expenses ($90 million after-tax). For further details, please refer to Note 22 of the Consolidated Financial Statements in the Bank’s Q3 2024 Quarterly Report to Shareholders. "
80,What type of restriction is this?,b)  Legal provision 
81,What was the expense incurred by Scotiabank in Q3 2024 due to legal actions?,"In Q3 2024, the Bank recognized a $176 million expense for legal actions relating to certain value-added tax assessed amounts in Peru and associated interest. For further details, please refer to Note 20 of the Consolidated Financial Statements in the Bank’s Q3 2024 Quarterly Report to Shareholders. "
82,What adjustments were made to the reported periods?,2.  All reported periods were adjusted for: 
83,What was capitalized from the acquisition of the bank's intangible assets in the current quarter?,a)  Amortization of acquisition-related intangible assets 
84,What type of assets did Scotiabank amortize in its quarterly report?,"These costs relate to the amortization of intangible assets recognized upon the acquisition of businesses, excluding software, and are recorded in the Canadian Banking, International Banking and Global Wealth Management operating segments. "
85,What item was recorded in the Other operating segment in Scotiabank's fiscal 2023 results?,3.  The Bank’s fiscal 2023 reported results were adjusted for the following item. This amount was recorded in the Other operating segment. 
86,What is the name of the dividend introduced by Scotiabank in its quarterly report?,a)  Canada Recovery Dividend 
87,What was the additional income tax expense recognized by the Bank in Q1 2023?,"In Q1 2023, the Bank recognized an additional income tax expense of $579 million reflecting the present value of the amount payable for the Canada Recovery Dividend (CRD). The CRD is a Canadian federal tax measure which requires the Bank to pay a one-time tax of 15% on taxable income in excess of $1 billion, based on the average taxable income for the 2020 and 2021 taxation years. The CRD is payable in equal amounts over five years; however, the present value ofthese payments was recognized as a liability in the period enacted. "